{
    "directory": [],
    "sql_file": "",
    "files": [
      {
          "root_directory"    : "update/update_2.2/application/models/Crud_model.php",
          "update_directory"  : "application/models/Crud_model.php"
      },
      {
          "root_directory"    : "update/update_2.2/application/controllers/Browse.php",
          "update_directory"  : "application/controllers/Browse.php"
      },
      {
          "root_directory"    : "update/update_2.2/application/controllers/Home.php",
          "update_directory"  : "application/controllers/Home.php"
      },
      {
          "root_directory"    : "update/update_2.2/application/controllers/Admin.php",
          "update_directory"  : "application/controllers/Admin.php"
      },
      {
          "root_directory"    : "update/update_2.2/application/views/frontend/flixer/playmovie.php",
          "update_directory"  : "application/views/frontend/flixer/playmovie.php"
      },
      {
          "root_directory"    : "update/update_2.2/application/views/frontend/flixer/playseries.php",
          "update_directory"  : "application/views/frontend/flixer/playseries.php"
      },
      {
          "root_directory"    : "update/update_2.2/application/views/frontend/flixer/home.php",
          "update_directory"  : "application/views/frontend/flixer/home.php"
      },
      {
          "root_directory"    : "update/update_2.2/application/views/frontend/flixer/signup.php",
          "update_directory"  : "application/views/frontend/flixer/signup.php"
      },
      {
          "root_directory"    : "update/update_2.2/application/views/frontend/flixer/series.php",
          "update_directory"  : "application/views/frontend/flixer/series.php"
      },
      {
          "root_directory"    : "update/update_2.2/application/views/frontend/flixer/movie.php",
          "update_directory"  : "application/views/frontend/flixer/movie.php"
      },
      {
          "root_directory"    : "update/update_2.2/application/views/frontend/flixer/filter.php",
          "update_directory"  : "application/views/frontend/flixer/filter.php"
      },
      {
          "root_directory"    : "update/update_2.2/application/views/frontend/flixer/header_browse.php",
          "update_directory"  : "application/views/frontend/flixer/header_browse.php"
      },
      {
          "root_directory"    : "update/update_2.2/application/views/frontend/flixer/landing.php",
          "update_directory"  : "application/views/frontend/flixer/landing.php"
      },
      {
          "root_directory"    : "update/update_2.2/application/views/frontend/flixer/index.php",
          "update_directory"  : "application/views/frontend/flixer/index.php"
      },
      {
          "root_directory"    : "update/update_2.2/application/views/backend/menu.php",
          "update_directory"  : "application/views/backend/menu.php"
      },
      {
          "root_directory"    : "update/update_2.2/assets/backend/css/custom.css",
          "update_directory"  : "assets/backend/css/custom.css"
      },
      {
          "root_directory"    : "update/update_2.2/assets/frontend/flixer/blog/blog.css",
          "update_directory"  : "assets/frontend/flixer/blog/blog.css"
      },
      {
          "root_directory"    : "update/update_2.2/application/views/backend/js.php",
          "update_directory"  : "application/views/backend/js.php"
      },
      {
          "root_directory"    : "update/update_2.2/application/helpers/common_helper.php",
          "update_directory"  : "application/helpers/common_helper.php"
      },
      {
          "root_directory"    : "update/update_2.2/application/views/backend/pages/series_list.php",
          "update_directory"  : "aapplication/views/backend/pages/series_list.php"
      }

    ]
  }
